{"cameraMode":{"drawMode":0,"name":"Shaded","section":"Shading Mode"},"sceneLighting":true,"audioPlay":false,"sceneViewState":{"showFog":true,"showMaterialUpdate":false,"showSkybox":true,"showFlares":true,"showImageEffects":true,"showParticleSystems":true},"in2DMode":false,"pivot":{"x":-2.2288625240325929,"y":0.36989927291870119,"z":0.44376909732818606},"rotation":{"x":-0.22623062133789063,"y":0.6802642345428467,"z":-0.23438376188278199,"w":-0.6566002368927002},"size":4.185788154602051,"orthographic":false}